{"name":null,"assets":"aoy4:pathy30:assets%2Fdata%2FBasicScene.txty4:sizei23062y4:typey4:TEXTy2:idR1y7:preloadtgoR2i978900R3y4:FONTy9:classNamey45:__ASSET__assets_data_blackhansans_regular_ttfR5y40:assets%2Fdata%2FBlackHanSans-Regular.ttfR6tgoR0y34:assets%2Fdata%2Fdata-goes-here.txtR2zR3R4R5R11R6tgoR0y22:assets%2Fdata%2FGC.txtR2i1029R3R4R5R12R6tgoR2i539952R3R7R8y36:__ASSET__assets_data_roboto_bold_ttfR5y31:assets%2Fdata%2FRoboto-Bold.ttfR6tgoR2i540224R3R7R8y39:__ASSET__assets_data_roboto_regular_ttfR5y34:assets%2Fdata%2FRoboto-Regular.ttfR6tgoR2i55712R3R7R8y41:__ASSET__assets_data_titanone_regular_ttfR5y36:assets%2Fdata%2FTitanOne-Regular.ttfR6tgoR2i61208R3R7R8y39:__ASSET__assets_data_titillium_bold_ttfR5y34:assets%2Fdata%2FTitillium-Bold.ttfR6tgoR0y32:assets%2Fimages%2FAcceptMiss.pngR2i196R3y5:IMAGER5R21R6tgoR0y34:assets%2Fimages%2FblockContrat.pngR2i702R3R22R5R23R6tgoR0y35:assets%2Fimages%2FblockContrat1.pngR2i705R3R22R5R24R6tgoR0y35:assets%2Fimages%2FblockContrat2.pngR2i698R3R22R5R25R6tgoR0y34:assets%2Fimages%2FblockFactory.pngR2i1087R3R22R5R26R6tgoR0y35:assets%2Fimages%2FblockFactory2.pngR2i1081R3R22R5R27R6tgoR0y30:assets%2Fimages%2FblockMDV.pngR2i408R3R22R5R28R6tgoR0y31:assets%2Fimages%2FblockMiss.pngR2i699R3R22R5R29R6tgoR0y33:assets%2Fimages%2FblockRecrut.pngR2i790R3R22R5R30R6tgoR0y32:assets%2Fimages%2FblockTrade.pngR2i327R3R22R5R31R6tgoR0y29:assets%2Fimages%2FBoyEdit.pngR2i232R3R22R5R32R6tgoR0y29:assets%2Fimages%2FBoyFree.pngR2i233R3R22R5R33R6tgoR0y30:assets%2Fimages%2FBoyPlace.pngR2i225R3R22R5R34R6tgoR0y29:assets%2Fimages%2FBoyWork.pngR2i230R3R22R5R35R6tgoR0y30:assets%2Fimages%2FbtnAchat.pngR2i192R3R22R5R36R6tgoR0y29:assets%2Fimages%2FbtnCant.pngR2i185R3R22R5R37R6tgoR0y28:assets%2Fimages%2FbtnTop.pngR2i369R3R22R5R38R6tgoR0y32:assets%2Fimages%2FbtnUpFact1.pngR2i269R3R22R5R39R6tgoR0y32:assets%2Fimages%2FbtnUpFact2.pngR2i271R3R22R5R40R6tgoR0y36:assets%2Fimages%2Fchickentenders.pngR2i513R3R22R5R41R6tgoR0y31:assets%2Fimages%2FCorbeille.pngR2i260R3R22R5R42R6tgoR0y27:assets%2Fimages%2Fdolar.pngR2i997R3R22R5R43R6tgoR0y32:assets%2Fimages%2Ficon_smile.pngR2i593R3R22R5R44R6tgoR0y36:assets%2Fimages%2Fimages-go-here.txtR2zR3R4R5R45R6tgoR0y28:assets%2Fimages%2Flocked.pngR2i15262R3R22R5R46R6tgoR0y34:assets%2Fimages%2Flogo2250x200.pngR2i7320R3R22R5R47R6tgoR0y33:assets%2Fimages%2Flogo250x200.pngR2i10000R3R22R5R48R6tgoR0y30:assets%2Fimages%2FmusicOff.pngR2i15263R3R22R5R49R6tgoR0y29:assets%2Fimages%2FmusicOn.pngR2i15197R3R22R5R50R6tgoR0y33:assets%2Fimages%2FRefuserMiss.pngR2i185R3R22R5R51R6tgoR0y27:assets%2Fimages%2Fsauce.pngR2i359R3R22R5R52R6tgoR2i2880475R3y5:MUSICR5y48:assets%2Fmusic%2FMiami-Nights-Extended-Theme.oggy9:pathGroupaR54hR6tgoR0y36:assets%2Fmusic%2Fmusic-goes-here.txtR2zR3R4R5R56R6tgoR0y36:assets%2Fsounds%2Fsounds-go-here.txtR2zR3R4R5R57R6tgoR2i2114R3R53R5y26:flixel%2Fsounds%2Fbeep.mp3R55aR58y26:flixel%2Fsounds%2Fbeep.ogghR6tgoR2i39706R3R53R5y28:flixel%2Fsounds%2Fflixel.mp3R55aR60y28:flixel%2Fsounds%2Fflixel.ogghR6tgoR2i5794R3y5:SOUNDR5R59R55aR58R59hgoR2i33629R3R62R5R61R55aR60R61hgoR2i15744R3R7R8y35:__ASSET__flixel_fonts_nokiafc22_ttfR5y30:flixel%2Ffonts%2Fnokiafc22.ttfR6tgoR2i29724R3R7R8y36:__ASSET__flixel_fonts_monsterrat_ttfR5y31:flixel%2Ffonts%2Fmonsterrat.ttfR6tgoR0y33:flixel%2Fimages%2Fui%2Fbutton.pngR2i519R3R22R5R67R6tgoR0y36:flixel%2Fimages%2Flogo%2Fdefault.pngR2i3280R3R22R5R68R6tgh","rootPath":null,"version":2,"libraryArgs":[],"libraryType":null}